{"num_assets": 20, "covariance": [[0.00037734212060079803, 0.00013578423110959645, 0.00012209152676309778, 0.00014644266356889787, 0.00013162632528522264, 0.00014829920912793758, 0.00027995166045172604, 0.00025346934247567356, 5.65554990691487e-05, 0.0001271905531937164, 0.0003388449114247751, 0.0002746264196022299, 7.206624816410055e-05, 7.385432594243218e-05, 0.00010640050412697232, 0.00019115796480681808, 4.979386926998481e-05, 0.0001448716079527511, 8.880547301931001e-05, 8.123100998102632e-05], [0.00013578423110959645, 0.00033146551270937113, 0.0001510853835341133, 0.0002748776047829267, 0.00012807153571088806, 6.73175307096832e-05, 0.00015739389673152947, 0.00016390219411331882, 4.36336904667488e-05, 0.0002644435595396097, 0.000190338718930466, 0.00012724418968055906, 5.038378466547918e-05, 0.00010564083719328566, 8.828926613908937e-05, 0.00016001609811363182, 7.881793552463725e-05, 0.0003081761688287213, 5.5500041268440075e-05, 0.00015891398385730381], [0.00012209152676309778, 0.0001510853835341133, 0.0001467833085971551, 0.00014500816026360606, 0.000100433049508145, 5.270504382444129e-05, 0.00012080444618909639, 0.0001295334208265716, 5.4537401802177166e-05, 0.00013806389740811335, 0.00013893864350468722, 0.00010885512079518873, 6.508595026625077e-05, 8.004594831480226e-05, 7.715365098142081e-05, 0.00011801188437456737, 6.350096716109851e-05, 0.00015943340360737048, 6.095795524047875e-05, 0.00010672646998465882], [0.00014644266356889787, 0.0002748776047829267, 0.00014500816026360606, 0.00033805732712910577, 0.00013834174679277293, 8.521478928556186e-05, 0.00015421432287798315, 0.0001823991808625101, 4.2713206626384706e-05, 0.00024082838259301725, 0.00019961126581893445, 0.00013055231505921676, 5.204870464342603e-05, 0.00010585033327389318, 7.869007152058483e-05, 0.00015469628860305623, 7.346336393983817e-05, 0.0002841696617873358, 4.427721413661223e-05, 0.00016981417397196459], [0.00013162632528522264, 0.00012807153571088806, 0.000100433049508145, 0.00013834174679277293, 0.00029371213895480064, 5.72313948176494e-05, 0.00013863326500725414, 0.00017112577427972573, 5.582778769171422e-05, 0.00011850806108559, 0.00018765898790251443, 0.0001286388280645666, 5.5500561066160465e-05, 0.00010976531525147841, 6.884377495739599e-05, 0.0001388145863120945, 7.926456132446131e-05, 0.00012063145588084051, 4.711879910477159e-05, 6.762092044679481e-05], [0.00014829920912793758, 6.73175307096832e-05, 5.270504382444129e-05, 8.521478928556186e-05, 5.72313948176494e-05, 0.0017915246551915768, 0.00010455233513113106, 0.00011959153319663504, -1.62873987247452e-05, 3.9485344844944496e-05, 0.0001861090220248355, 0.00010456165258194117, -1.8542510344228462e-05, 2.230324190332461e-05, -1.1906591198027825e-05, 9.377776122719751e-05, 1.8211427410534191e-06, 0.00010167529507012192, 5.454030423169514e-05, 1.4097873381444548e-05], [0.00027995166045172604, 0.00015739389673152947, 0.00012080444618909639, 0.00015421432287798315, 0.00013863326500725414, 0.00010455233513113106, 0.00041168422970723446, 0.00025448031062891584, 4.570046395645954e-05, 0.00013684303664771144, 0.00041447115572874633, 0.0003029815189382646, 5.280774751680513e-05, 6.60840081595886e-05, 9.950264964239326e-05, 0.00017972350443470274, 5.153847297270387e-05, 0.0001619568423503504, 8.357061060968608e-05, 9.008183848927766e-05], [0.00025346934247567356, 0.00016390219411331882, 0.0001295334208265716, 0.0001823991808625101, 0.00017112577427972573, 0.00011959153319663504, 0.00025448031062891584, 0.00047748684174300077, 4.591087314788819e-05, 0.0001539259968158404, 0.000346520574640711, 0.0002300031025906991, 6.045711019367761e-05, 9.196271310237115e-05, 9.96020786975941e-05, 0.000173313262216504, 6.368241059133923e-05, 0.00017543871742553612, 6.402517036023824e-05, 0.00011752365226829806], [5.65554990691487e-05, 4.36336904667488e-05, 5.4537401802177166e-05, 4.2713206626384706e-05, 5.582778769171422e-05, -1.62873987247452e-05, 4.570046395645954e-05, 4.591087314788819e-05, 0.00010293266407612029, 4.506687240958796e-05, 4.997085718829576e-05, 5.029751625906058e-05, 7.561730302052898e-05, 4.4874224131921286e-05, 6.595800666175727e-05, 5.2158857455651306e-05, 4.437828603748598e-05, 4.7719517816818905e-05, 5.022471111852634e-05, 1.7987858238808325e-05], [0.0001271905531937164, 0.0002644435595396097, 0.00013806389740811335, 0.00024082838259301725, 0.00011850806108559, 3.9485344844944496e-05, 0.00013684303664771144, 0.0001539259968158404, 4.506687240958796e-05, 0.0002642842172214535, 0.00016522778096634777, 0.00011428481047734742, 5.684839884321045e-05, 9.620825401717986e-05, 8.330763560597151e-05, 0.00014502534890043715, 6.879368569146838e-05, 0.0002595989857179373, 4.859260777328137e-05, 0.00012501679294185818], [0.0003388449114247751, 0.000190338718930466, 0.00013893864350468722, 0.00019961126581893445, 0.00018765898790251443, 0.0001861090220248355, 0.00041447115572874633, 0.000346520574640711, 4.997085718829576e-05, 0.00016522778096634777, 0.000992179303572491, 0.00034130935488084496, 8.07917847450529e-05, 9.227400974411809e-05, 7.392213292012941e-05, 0.00022712989764795197, 5.792383260373136e-05, 0.00018492894038566355, 8.754517707346507e-05, 7.052358077507311e-05], [0.0002746264196022299, 0.00012724418968055906, 0.00010885512079518873, 0.00013055231505921676, 0.0001286388280645666, 0.00010456165258194117, 0.0003029815189382646, 0.0002300031025906991, 5.029751625906058e-05, 0.00011428481047734742, 0.00034130935488084496, 0.0003401875153842142, 6.619640995265075e-05, 4.963867299210028e-05, 0.00010590184943676015, 0.0001744854946589097, 3.8996492448004653e-05, 0.0001368848974341176, 7.779974341432732e-05, 6.111479349332053e-05], [7.206624816410055e-05, 5.038378466547918e-05, 6.508595026625077e-05, 5.204870464342603e-05, 5.5500561066160465e-05, -1.8542510344228462e-05, 5.280774751680513e-05, 6.045711019367761e-05, 7.561730302052898e-05, 5.684839884321045e-05, 8.07917847450529e-05, 6.619640995265075e-05, 0.00029167550830265396, 5.180891744626622e-05, 7.214540043847674e-05, 6.657265492546412e-05, 5.1736020188629035e-05, 5.647892081862771e-05, 4.145723230336101e-05, 3.414847716139623e-05], [7.385432594243218e-05, 0.00010564083719328566, 8.004594831480226e-05, 0.00010585033327389318, 0.00010976531525147841, 2.230324190332461e-05, 6.60840081595886e-05, 9.196271310237115e-05, 4.4874224131921286e-05, 9.620825401717986e-05, 9.227400974411809e-05, 4.963867299210028e-05, 5.180891744626622e-05, 0.00022740303230923145, 5.659970703178054e-05, 9.087766515680243e-05, 0.00011688777458021478, 0.00011228233337408776, 4.1402054247404936e-05, 7.537320149627863e-05], [0.00010640050412697232, 8.828926613908937e-05, 7.715365098142081e-05, 7.869007152058483e-05, 6.884377495739599e-05, -1.1906591198027825e-05, 9.950264964239326e-05, 9.96020786975941e-05, 6.595800666175727e-05, 8.330763560597151e-05, 7.392213292012941e-05, 0.00010590184943676015, 7.214540043847674e-05, 5.659970703178054e-05, 0.0001920190138927502, 8.694004672159333e-05, 6.186129615952102e-05, 8.78297935244812e-05, 5.777539981680614e-05, 5.964061798679532e-05], [0.00019115796480681808, 0.00016001609811363182, 0.00011801188437456737, 0.00015469628860305623, 0.0001388145863120945, 9.377776122719751e-05, 0.00017972350443470274, 0.000173313262216504, 5.2158857455651306e-05, 0.00014502534890043715, 0.00022712989764795197, 0.0001744854946589097, 6.657265492546412e-05, 9.087766515680243e-05, 8.694004672159333e-05, 0.00030517306875764536, 6.056813229294046e-05, 0.00017374586382440575, 4.776482979169687e-05, 9.637803054271731e-05], [4.979386926998481e-05, 7.881793552463725e-05, 6.350096716109851e-05, 7.346336393983817e-05, 7.926456132446131e-05, 1.8211427410534191e-06, 5.153847297270387e-05, 6.368241059133923e-05, 4.437828603748598e-05, 6.879368569146838e-05, 5.792383260373136e-05, 3.8996492448004653e-05, 5.1736020188629035e-05, 0.00011688777458021478, 6.186129615952102e-05, 6.056813229294046e-05, 0.00015043153668343714, 8.144676112208088e-05, 4.092131115336803e-05, 